{
    "images":
    {
	
		"black":
        {
            "image" : "mainmenu:textures/bg_menu.png",
            "posX" : 99,
            "posY" : 0,
            "width" : 155,
            "height" : 800,
            "alignment" : "top_left"
        },
		"logo":
        {
            "image" : "mainmenu:textures/logo.png",
            "posX" : 50,
            "posY" : 0,
            "width" : 220,
            "height" : 100,
            "alignment" : "top_left"
        }
	
	},
    
    "buttons":
    {     
		"singleplayer":
        {
            "text" : "Singleplayer",
			"normalTextColor" : 12303291,
			"hoverTextColor" : 3125670,
			"texture" : "mainmenu:textures/btn.png",
            "posX" : 100,
            "posY" : -40,
            "width" : 153,
            "height" : 20,
			imageWidth : 100,
			imageHeight : 50,
			"alignment" : "left_center",
            "action" : 
            {
                "type" : "openGui",
                "gui" : "singleplayer"
            }
        },		

		"multiplayer":
        {
            "text" : "Multiplayer",			
			"normalTextColor" : 12303291,
			"hoverTextColor" : 3125670,
			"texture" : "mainmenu:textures/btn.png",
            "posX" : 100,
            "posY" : -20,
            "width" : 153,
            "height" : 20,
			imageWidth : 100,
			imageHeight : 50,
			"alignment" : "left_center",
            "action" : 
            {
                "type" : "openGui",
                "gui" : "multiplayer"
            }
        },
               
		"options":
        {
            "text" : "Options",
			"normalTextColor" : 12303291,
			"hoverTextColor" : 3125670,
			"texture" : "mainmenu:textures/btn.png",
            "posX" : 100,
            "posY" : 10,
            "width" : 153,
            "height" : 20,
			imageWidth : 100,
			imageHeight : 50,
			"alignment" : "left_center",
            "action" : 
            {
                "type" : "openGui",
                "gui" : "options"
            }
        },
		        
		"language":
        {
            "text" : "Language",
			"texture" : "mainmenu:textures/btn.png",
            "posX" : 100,
            "posY" : 30,
            "width" : 153,
            "height" : 20,
			imageWidth : 100,
			imageHeight : 50,			
			"alignment" : "left_center",
            "action" : 
            {
                "type" : "openGui",
                "gui" : "languages"
            }
        },
		
		"refresh":
        {
            "text" : "",
            "posX" : -25,
            "posY" : 5,
            "width" : 20,
            "height" : 20,
			"imageWidth":200,
			"imageHeight":200,
            "alignment" : "top_right",
			"texture" : "mainmenu:textures/refresh.png",
			"action" :
            {
                "type" : "refresh"
            }
        },
                    
        "quit":
        {
            "text" : "Quit",
			"normalTextColor" : 16729156,
			"hoverTextColor" : 14483456,
			"texture" : "mainmenu:textures/btn.png",
            "posX" : 100,
            "posY" : 50,
            "width" : 153,
            "height" : 20,
			imageWidth : 100,
			imageHeight : 50,
			"alignment" : "left_center",
			"hoverText" : "No! Don't leave! :(",
            "action" : 
            {
                "type" : "quit"
            }
        },
		
        "mods":
        {
            "text" : "Mods (#modsactive#/#modsloaded#)",
			"normalTextColor" : 4444226,
			"hoverTextColor" : 3125670,
			"texture" : "mainmenu:textures/btn.png",
            "posX" : 100,
            "posY" : 80,
            "width" : 153,
            "height" : 20,
			imageWidth : 100,
			imageHeight : 50,
			imageWidth : 100,
			imageHeight : 50,
			"alignment" : "left_center",
            "action" : 
            {
                "type" : "openGui",
                "gui" : "mods"
            }
        },
		"facebook":
        {
            "text":"",
			"posX":2,
            "posY":-68,
            "width":32,
            "height":32,
			"imageWidth":200,
			"imageHeight":200,
			"texture":"mainmenu:textures/facebook.png",
            "alignment":"bottom_left",
            "action" : 
            {
                "type" : "openLink",
					"link" : "https://www.facebook.com/pages/DNS-Techpack/196700523809130"
            }
        },
		
		"discord":
        {
            "text":"",
			"posX":36,
            "posY":-66,
            "width":64,
            "height":64,
			"imageWidth":300,
			"imageHeight":300,
			"texture":"mainmenu:textures/discord.png",
            "alignment":"bottom_left",
            "action" : 
            {
                "type" : "openLink",
					"link" : "https://discordapp.com/invite/0abLGwcRy9amWzRa"
            }
        },
		"twitter":
        {
            "text":"",
			"posX":2,
            "posY":-34,
            "width":32,
            "height":32,
			"imageWidth":200,
			"imageHeight":200,
			"texture":"mainmenu:textures/twitter.png",
            "alignment":"bottom_left",
            "action" : 
            {
                "type" : "openLink",
                                "link" : "https://www.twitter.com/DNSTechpack"
            }
        }
	},
    
    "labels":
    {
        "packAuthors":
        {
            "text" : "Current staff: IAmOmicron, madcock83",
            "posX" : -190,
            "posY" : -10,
            "color" : 2422222,
            "alignment" : "bottom_right"
        },
        
		"packTxt":
        {
            "text" : "DNS Techpack 10.0.10.0",
            "posX" : 120,
            "posY" : -10,
            "color" : 2007070,
            "alignment" : "bottom_left",
			"action" : 
            {
                "type" : "openLink",
					"link" : "http://dnstechpack.com"
            }
        }
    },
    
	
	"alignments":
    {
        "c1":
        {
            "factorWidth" : 0.5,
            "factorHeight" : 0.7
        },
 
        "c2":
        {
            "factorWidth" : 0.2,
            "factorHeight" : 0.2
        }
    },
	
    "other":
    {
		"background":
        {
            "image" : "",
			"slideshow":
            {
                "images" : ["mainmenu:background/background1.png","mainmenu:background/background2.png","mainmenu:background/background3.png","mainmenu:background/background4.png","mainmenu:background/background5.png","mainmenu:background/background6.png"],
                "displayDuration" : 100,
                "fadeDuration" : 40
            }
        }
    }
}