{
  "path": "mod_harvestcraft/plants/tea_plant.json",
  "enabled": true,
  "id": "tea_crop",
  "plant_name": "Tea",
  "seed_name": "Tea Seeds",
  "seed_items": [
    {
      "item": "harvestcraft:teaseedItem",
      "meta": 0,
      "tags": "",
      "ignoreMeta": false,
      "ignoreTags": [
        "*"
      ],
      "useOreDict": false
    }
  ],
  "description": {
    "translations": {},
    "default": "Tea Seeds."
  },
  "growth_chance": 0.9,
  "growth_bonus": 0.025,
  "bonemeal": true,
  "tier": 1,
  "weedable": false,
  "aggressive": false,
  "spread_chance": 0.1,
  "spawn_chance": 0.0,
  "grass_drop_chance": 0.0,
  "seed_drop_chance": 1.0,
  "seed_drop_bonus": 0.0,
  "products": {
    "products": [
      {
        "min": 1,
        "max": 5,
        "chance": 0.9,
        "required": true,
        "item": "harvestcraft:tealeafItem",
        "meta": 0,
        "tags": "",
        "ignoreMeta": false,
        "ignoreTags": [],
        "useOreDict": false
      }
    ]
  },
  "requirement": {
    "min_light": 10,
    "max_light": 16,
    "soils": [
      "farmland_soil"
    ],
    "conditions": []
  },
  "texture": {
    "render_type": "hash",
    "seed_texture": "harvestcraft:items/teaItem",
    "plant_textures": [
      "harvestcraft:blocks/crops/tealeaf_stage_0",
      "harvestcraft:blocks/crops/tealeaf_stage_0",
      "harvestcraft:blocks/crops/tealeaf_stage_0",
      "harvestcraft:blocks/crops/tealeaf_stage_1",
      "harvestcraft:blocks/crops/tealeaf_stage_1",
      "harvestcraft:blocks/crops/tealeaf_stage_2",
      "harvestcraft:blocks/crops/tealeaf_stage_2",
      "harvestcraft:blocks/crops/tealeaf_stage_3"
    ]
  }
}
