{
  "tools": {
    "axe": {
      "name": "Axe",
      "icon": "minecraft:diamond_axe",
      "toollist": [
        "BiomesOPlenty:axeAmethyst",
        "BiomesOPlenty:axeMud",
        "IC2:itemToolBronzeAxe",
        "IC2:itemToolChainsaw",
        "minecraft:diamond_axe",
        "minecraft:golden_axe",
        "minecraft:iron_axe",
        "minecraft:stone_axe",
        "minecraft:wooden_axe",
        "tconstruct:hatchet"
      ],
      "blocklist": [
        "biomesoplenty:leaves_0/8",
        "biomesoplenty:leaves_0/9",
        "biomesoplenty:leaves_0/10",
        "biomesoplenty:leaves_0/11",
        "biomesoplenty:leaves_1/8",
        "biomesoplenty:leaves_1/9",
        "biomesoplenty:leaves_1/10",
        "biomesoplenty:leaves_1/11",
        "biomesoplenty:leaves_2/8",
        "biomesoplenty:leaves_2/9",
        "biomesoplenty:leaves_2/10",
        "biomesoplenty:leaves_2/11",
        "biomesoplenty:leaves_3/8",
        "biomesoplenty:leaves_3/9",
        "biomesoplenty:leaves_3/10",
        "biomesoplenty:leaves_3/11",
        "biomesoplenty:leaves_4/8",
        "biomesoplenty:leaves_4/9",
        "biomesoplenty:leaves_4/10",
        "biomesoplenty:leaves_4/11",
        "biomesoplenty:leaves_5/8",
        "biomesoplenty:leaves_5/9",
        "biomesoplenty:leaves_5/10",
        "biomesoplenty:leaves_5/11",
        "biomesoplenty:leaves_6/8",
        "biomesoplenty:leaves_6/9",
        "biomesoplenty:log_0/4",
        "biomesoplenty:log_0/5",
        "biomesoplenty:log_0/6",
        "biomesoplenty:log_0/7",
        "biomesoplenty:log_1/4",
        "biomesoplenty:log_1/5",
        "biomesoplenty:log_1/6",
        "biomesoplenty:log_1/7",
        "biomesoplenty:log_2/4",
        "biomesoplenty:log_2/5",
        "biomesoplenty:log_2/6",
        "biomesoplenty:log_2/7",
        "biomesoplenty:log_3/4",
        "biomesoplenty:log_3/5",
        "biomesoplenty:log_3/6",
        "biomesoplenty:log_3/7",
        "biomesoplenty:log_4/4",
        "biomesoplenty:log_4/5",
        "calculator:AmethystLog/0",
        "calculator:DiamondLog/0",
        "calculator:PearLog/0",
        "calculator:TanzaniteLog/0",
        "forestry:leaves",
        "forestry:leaves.decorative.0",
        "forestry:leaves.decorative.1",
        "forestry:leaves.decorative.2",
        "forestry:logs.0",
        "forestry:logs.1",
        "forestry:logs.2",
        "forestry:logs.3",
        "forestry:logs.4",
        "forestry:logs.5",
        "forestry:logs.6",
        "forestry:logs.7",
        "forestry:logs.fireproof.0",
        "forestry:logs.fireproof.1",
        "forestry:logs.fireproof.2",
        "forestry:logs.fireproof.3",
        "forestry:logs.fireproof.4",
        "forestry:logs.fireproof.5",
        "forestry:logs.fireproof.6",
        "forestry:logs.fireproof.7",
        "forestry:logs.vanilla.fireproof.0",
        "forestry:logs.vanilla.fireproof.1",
        "harvestcraft:pamCinnamon/0",
        "harvestcraft:pamMaple/0",
        "harvestcraft:pamPaperbark/0",
        "minecraft:fence",
        "minecraft:leaves",
        "minecraft:leaves2",
        "minecraft:log",
        "minecraft:log2",
        "randomthings:spectreLeaf/0",
        "randomthings:spectreLog/0",
        "tconstruct:slime_leaves",
        "techreborn:rubberLeaves",
        "techreborn:rubberLog"
      ]
    },
    "hoe": {
      "name": "Hoe",
      "icon": "minecraft:diamond_hoe",
      "toollist": [
        "BiomesOPlenty:hoeAmethyst",
        "BiomesOPlenty:hoeMud",
        "IC2:itemToolBronzeHoe",
        "minecraft:diamond_hoe",
        "minecraft:golden_hoe",
        "minecraft:iron_hoe",
        "minecraft:stone_hoe",
        "minecraft:wooden_hoe",
        "tconstruct:mattock"
      ],
      "blocklist": [
        "minecraft:carrots",
        "minecraft:melon_block",
        "minecraft:potatoes",
        "minecraft:pumpkin",
        "minecraft:wheat"
      ]
    },
    "pickaxe": {
      "name": "Pickaxe",
      "icon": "minecraft:diamond_pickaxe",
      "toollist": [
        "BiomesOPlenty:pickaxeAmethyst",
        "BiomesOPlenty:pickaxeMud",
        "IC2:itemToolBronzePickaxe",
        "IC2:itemToolDDrill",
        "IC2:itemToolDrill",
        "IC2:itemToolIridiumDrill",
        "minecraft:diamond_pickaxe",
        "minecraft:golden_pickaxe",
        "minecraft:iron_pickaxe",
        "minecraft:stone_pickaxe",
        "minecraft:wooden_pickaxe",
        "tconstruct:pickaxe"
      ],
      "blocklist": [
        "biomesoplenty:gem_ore/1",
        "biomesoplenty:gem_ore/2",
        "biomesoplenty:gem_ore/3",
        "biomesoplenty:gem_ore/4",
        "biomesoplenty:gem_ore/5",
        "biomesoplenty:gem_ore/6",
        "biomesoplenty:gem_ore/7",
        "deepresonance:resonating_ore/0",
        "draconicevolution:draconiumOre/0",
        "forestry:resources/0",
        "forestry:resources/1",
        "forestry:resources/2",
        "ic2:resource/1",
        "ic2:resource/2",
        "ic2:resource/3",
        "ic2:resource/4",
        "mekanism:OreBlock/0",
        "mekanism:OreBlock/1",
        "mekanism:OreBlock/2",
        "minecraft:coal_ore",
        "minecraft:cobblestone_wall",
        "minecraft:diamond_ore",
        "minecraft:emerald_ore",
        "minecraft:glowstone",
        "minecraft:gold_ore",
        "minecraft:iron_ore",
        "minecraft:lapis_ore",
        "minecraft:lit_redstone_ore",
        "minecraft:mossy_cobblestone",
        "minecraft:nether_brick_fence",
        "minecraft:obsidian",
        "minecraft:quartz_ore",
        "minecraft:redstone_ore",
        "routerreborn:rr_orecopper/0",
        "tconstruct:ore/0",
        "tconstruct:ore/1",
        "techreborn:techreborn.ore/0",
        "techreborn:techreborn.ore/1",
        "techreborn:techreborn.ore/2",
        "techreborn:techreborn.ore/3",
        "techreborn:techreborn.ore/4",
        "techreborn:techreborn.ore/5",
        "techreborn:techreborn.ore/6",
        "techreborn:techreborn.ore/7",
        "techreborn:techreborn.ore/8",
        "techreborn:techreborn.ore/9",
        "techreborn:techreborn.ore/10",
        "techreborn:techreborn.ore/11",
        "techreborn:techreborn.ore/12",
        "techreborn:techreborn.ore/13",
        "techreborn:techreborn.ore2/0",
        "techreborn:techreborn.ore2/1"
      ]
    },
    "shears": {
      "name": "Shears",
      "icon": "minecraft:shears",
      "toollist": [
        "BiomesOPlenty:scytheAmethyst",
        "BiomesOPlenty:scytheDiamond",
        "BiomesOPlenty:scytheGold",
        "BiomesOPlenty:scytheIron",
        "BiomesOPlenty:scytheMud",
        "BiomesOPlenty:scytheStone",
        "BiomesOPlenty:scytheWood",
        "IC2:itemToolBronzeHoe",
        "minecraft:shears"
      ],
      "blocklist": [
        "biomesoplenty:leaves_0/8",
        "biomesoplenty:leaves_0/9",
        "biomesoplenty:leaves_0/10",
        "biomesoplenty:leaves_0/11",
        "biomesoplenty:leaves_1/8",
        "biomesoplenty:leaves_1/9",
        "biomesoplenty:leaves_1/10",
        "biomesoplenty:leaves_1/11",
        "biomesoplenty:leaves_2/8",
        "biomesoplenty:leaves_2/9",
        "biomesoplenty:leaves_2/10",
        "biomesoplenty:leaves_2/11",
        "biomesoplenty:leaves_3/8",
        "biomesoplenty:leaves_3/9",
        "biomesoplenty:leaves_3/10",
        "biomesoplenty:leaves_3/11",
        "biomesoplenty:leaves_4/8",
        "biomesoplenty:leaves_4/9",
        "biomesoplenty:leaves_4/10",
        "biomesoplenty:leaves_4/11",
        "biomesoplenty:leaves_5/8",
        "biomesoplenty:leaves_5/9",
        "biomesoplenty:leaves_5/10",
        "biomesoplenty:leaves_5/11",
        "biomesoplenty:leaves_6/8",
        "biomesoplenty:leaves_6/9",
        "forestry:leaves",
        "forestry:leaves.decorative.0",
        "forestry:leaves.decorative.1",
        "forestry:leaves.decorative.2",
        "minecraft:deadbush",
        "minecraft:leaves",
        "minecraft:leaves2",
        "minecraft:tallgrass",
        "minecraft:vine",
        "minecraft:web",
        "minecraft:wool",
        "randomthings:spectreLeaf/0",
        "tconstruct:slime_leaves",
        "techreborn:rubberLeaves"
      ]
    },
    "shovel": {
      "name": "Shovel",
      "icon": "minecraft:diamond_shovel",
      "toollist": [
        "BiomesOPlenty:shovelAmethyst",
        "BiomesOPlenty:shovelMud",
        "IC2:itemToolBronzeSpade",
        "minecraft:diamond_shovel",
        "minecraft:golden_shovel",
        "minecraft:iron_shovel",
        "minecraft:stone_shovel",
        "minecraft:wooden_shovel",
        "tconstruct:mattock",
        "tconstruct:shovel"
      ],
      "blocklist": [
        "minecraft:clay",
        "minecraft:gravel"
      ]
    }
  }
}