{
  "path": "primordialcrops/plants/spider_plant.json",
  "enabled": true,
  "id": "spider_plant",
  "plant_name": "Spider",
  "seed_name": "Spider Seeds",
  "seed_items": [
    {
      "item": "mc:SpiderSeeds",
      "meta": 0,
      "tags": "",
      "ignoreMeta": false,
      "ignoreTags": [
        "*"
      ],
      "useOreDict": false
    }
  ],
  "description": {
    "translations": {},
    "default": "Spider."
  },
  "growth_chance": 1.0,
  "growth_bonus": 0.025,
  "bonemeal": true,
  "tier": 1,
  "weedable": false,
  "aggressive": false,
  "spread_chance": 0.1,
  "spawn_chance": 0.0,
  "grass_drop_chance": 0.0,
  "seed_drop_chance": 1.0,
  "seed_drop_bonus": 0.0,
  "products": {
    "products": [
      {
        "min": 1,
        "max": 3,
        "chance": 0.95,
        "required": true,
        "item": "mc:SpiderEssence",
        "meta": 0,
        "tags": "",
        "ignoreMeta": false,
        "ignoreTags": [],
        "useOreDict": false
      }
    ]
  },
  "requirement": {
    "min_light": 10,
    "max_light": 16,
    "soils": [
      "farmland_soil",
      "fertilised_soil"
    ],
    "conditions": []
  },
  "texture": {
    "render_type": "hash",
    "seed_texture": "",
    "plant_textures": [
      "mc:blocks/SoulCropBase_0",
      "mc:blocks/SoulCropBase_0",
      "mc:blocks/SoulCropBase_0",
      "mc:blocks/SoulCropBase_1",
      "mc:blocks/SoulCropBase_1",
      "mc:blocks/SoulCropBase_2",
      "mc:blocks/SoulCropBase_2",
      "mc:blocks/SoulCropSpider"
    ]
  }
}
