{
  "mods": {
    "1.10.2": {
      "akka-actor_2.11-2.3.3": true,
      "asm-all-5.0.3": true,
      "atlauncher": true,
      "authlib-1.5.22": true,
      "codechickenlib-1.10.2-2.2.3.57-universal.jar": true,
      "codechickenlib-1.10.2-2.2.3.73-universal.jar": true,
      "codecjorbis-20101023": true,
      "codecwav-20101023": true,
      "commons-codec-1.9": true,
      "commons-compress-1.8.1": true,
      "commons-io-2.4": true,
      "commons-lang3-3.3.2": true,
      "commons-logging-1.1.3": true,
      "config-1.2.1": true,
      "fastutil-7.0.12_mojang": true,
      "forge-1.10.2-12.18.1.2049-universal": true,
      "forge-1.10.2-12.18.1.2073-universal": true,
      "gson-2.2.4": true,
      "guava-17.0": true,
      "httpclient-4.3.3": true,
      "httpcore-4.3.2": true,
      "icu4j-core-mojang-51.2": true,
      "jinput-2.0.5": true,
      "jline-2.13": true,
      "jna-3.4.0": true,
      "jopt-simple-4.6": true,
      "jutils-1.0.0": true,
      "launchwrapper-1.12": true,
      "libraryjavasound-20101123": true,
      "librarylwjglopenal-20100824": true,
      "log4j-api-2.0-beta9": true,
      "log4j-core-2.0-beta9": true,
      "lwjgl-2.9.4-nightly-20150209": true,
      "lwjgl_util-2.9.4-nightly-20150209": true,
      "lzma-0.0.1": true,
      "mcmultipart-1.2.1-universal.jar": true,
      "minecraft": true,
      "mouse tweaks": true,
      "netty-1.6": true,
      "netty-all-4.0.23.final": true,
      "oshi-core-1.1": true,
      "platform-3.4.0": true,
      "realms-1.9.3": true,
      "realms-1.9.5": true,
      "scala-actors-migration_2.11-1.1.0": true,
      "scala-compiler-2.11.1": true,
      "scala-continuations-library_2.11-1.0.2": true,
      "scala-continuations-plugin_2.11.1-1.0.2": true,
      "scala-library-2.11.1": true,
      "scala-parser-combinators_2.11-1.0.1": true,
      "scala-reflect-2.11.1": true,
      "scala-swing_2.11-1.0.1": true,
      "scala-xml_2.11-1.0.2": true,
      "soundsystem-20120107": true,
      "trove4j-3.0.3": true,
      "vecmath-1.5.2": true,
      "worldeditcui": true
    }
  }
}